<?xml version="1.0" encoding="UTF-8"?>
<definitions xmlns="http://www.omg.org/spec/BPMN/20100524/MODEL"
             xmlns:xsi="http://www.w3.org/2001/XMLSchema-instance"
             xmlns:xsd="http://www.w3.org/2001/XMLSchema"
             xmlns:bpmndi="http://www.omg.org/spec/BPMN/20100524/DI"
             xmlns:omgdc="http://www.omg.org/spec/DD/20100524/DC"
             xmlns:omgdi="http://www.omg.org/spec/DD/20100524/DI"
             xmlns:flowable="http://flowable.org/bpmn"
             typeLanguage="http://www.w3.org/2001/XMLSchema"
             expressionLanguage="http://www.w3.org/1999/XPath"
             targetNamespace="http://www.flowable.org/processdef">

    <process id="deployByZip" name="Holiday Request" isExecutable="true">

        <startEvent id="startEvent"/>
        <sequenceFlow sourceRef="startEvent" targetRef="approveTask"/>

        <userTask id="approveTask" name="Approve or reject request" flowable:assignee="lisi"/>
        <sequenceFlow sourceRef="approveTask" targetRef="decision"/>

        <exclusiveGateway id="decision"/>
        <sequenceFlow sourceRef="decision" targetRef="agreeReq">
            <conditionExpression xsi:type="tFormalExpression">
                <![CDATA[
          ${approved}
        ]]>
            </conditionExpression>
        </sequenceFlow>
        <sequenceFlow  sourceRef="decision" targetRef="sendRejectionMail">
            <conditionExpression xsi:type="tFormalExpression">
                <![CDATA[
          ${!approved}
        ]]>
            </conditionExpression>
        </sequenceFlow>

        <serviceTask id="agreeReq" name="Enter holidays in external system"
                     flowable:class="io.github.coffee330501.AgreeReq"/>
        <sequenceFlow sourceRef="agreeReq" targetRef="holidayApprovedTask"/>

        <userTask id="holidayApprovedTask" name="Holiday approved"/>
        <sequenceFlow sourceRef="holidayApprovedTask" targetRef="approveEnd"/>

        <serviceTask id="sendRejectionMail" name="Send out rejection email"
                     flowable:class="io.github.coffee330501.SendRejectionMail"/>
        <sequenceFlow sourceRef="sendRejectionMail" targetRef="rejectEnd"/>

        <endEvent id="approveEnd"/>

        <endEvent id="rejectEnd"/>
    </process>

</definitions>